,left,right
0,regimen,induces
1,compliance,were
2,pathways,lead
3,hospitalization,constitutes
4,few,may
5,society,will
6,dysfunction,is
7,findings,show
8,arthroplasty,found
9,questionnaire,can
10,grade,reflects
11,lesion,can
12,cases,specifically
13,inhibitor,inhibits
14,framework,accounts
15,participants,could
16,immunopathology,results
17,actions,have
18,criteria,will
19,microsensors,allow
20,suture,facilitates
21,wire,will
22,notes,potentially
23,systems,use
24,conditioning,consisted
25,culture,may
26,cassette,contains
27,covariates,all
28,option,can
29,genes,are
30,foot,was
31,culture,prioritizes
32,Centers,participated
33,cells,exhibited
34,factors,adversely
35,people,was
36,platform,utilizes
37,plateau,is
38,pain,hinder
39,stitch,was
40,morphology,allows
41,policies,dismantle
42,cytotoxicity,was
43,company,was
44,agreement,outlined
45,stability,ranges
46,College,Canadian
47,cells,were
48,branches,course
49,measure,is
50,loop,will
51,protocol,is
52,income,can
53,patients,doubled
54,alcohol,can
55,elements,make
56,factors,might
57,antibiotics,was
58,pressure,is
59,aspects,have
60,conducted,have
61,therapies,are
62,assets,allow
63,processing,assume
64,groups,assume
65,nursing,was
66,analyses,were
67,PROs,predicted
68,tools,do
69,margins,do
70,fractures,occur
71,enhancement,often
72,ingredients,may
73,simulation,delayed
74,processes,feed
75,value,reached
76,years,was
77,literature,demonstrates
78,event,are
79,limitations,are
80,population,is
81,valgus,had
82,implications,might
83,hygiene,is
84,studies,tested
85,culture,crosses
86,breast,resulted
87,potential,is
88,side,was
89,framework,examines
90,up,suggests
91,several,occur
92,layer,has
93,floor,is
94,score,was
95,tract,lowers
96,interventions,","
97,effect,progressed
98,factors,contribute
99,disorders,includes
100,research,we
101,families,could
102,injuries,required
103,disasters,are
104,study,confirmed
105,Scale,assesses
106,analyses,involved
107,membrane,forms
108,fibulae,were
109,metalloproteinases,allow
110,molecule,prohibited
111,factors,may
112,;,is
113,literature,showed
114,variables,are
115,O,has
116,FHL,had
117,foot,goes
118,impingement,resolved
119,investigations,meet
120,needs,could
121,points,were
122,domain,are
123,side,can
124,conditions,includes
125,vein,extended
126,ischemia,ultimately
127,warehouse,served
128,MNCs,consist
129,curve,represents
130,immunotherapy,results
131,region,coexists
132,walking,led
133,tendon,courses
134,ring,is
135,those,noted
136,day,was
137,vasculature,enters
138,heterodimers,function
139,malignancies,impact
140,plans,cover
141,facilities,may
142,cirrhosis,meets
143,trauma,was
144,technique,requires
145,processes,are
146,MRSA,includes
147,chitosan,is
148,disorder,afflicts
149,buffers,take
150,facilities,then
151,peptide,enhances
152,proposal,would
153,consultations,were
154,node,was
155,sponge,would
156,countries,are
157,anastomosis,required
158,upon,more
159,hydroperoxide,is
160,method,may
161,lines,could
162,Database,is
163,patient,was
164,protein,is
165,loop,is
166,complications,may
167,strategy,aims
168,website,is
169,models,do
170,treatment,has
171,game,is
172,symptoms,they
173,trial,included
174,paralysis,included
175,interventions,have
176,gene,is
177,tube,was
178,front,starts
179,role,typically
180,sensor,was
181,diagnosis,was
182,factors,affect
183,quantity,varies
184,functions,are
185,rate,is
186,testing,it
187,centers,do
188,tarsi,resolved
189,Inventory,consists
190,HFpEF,appeared
191,TMD,revolve
192,regimens,evolved
193,questionnaire,aims
194,determination,reveals
195,study,investigated
196,reflections,demonstrated
197,efforts,may
198,developed,enhance
199,system,results
200,study,should
201,properties,lend
202,groups,distinguished
203,arrays,have
204,tool,was
205,disease,causes
206,mechanisms,lead
207,2017,were
208,identified,are
209,stimulus,precedes
210,tests,refer
211,presentation,avoided
212,learning,mimics
213,infection,was
214,tool,could
215,review,synthesizes
216,lesions,historically
217,Keywords,concentrate
218,group,was
219,severities,led
220,those,address
221,data,was
222,flap,shifts
223,technique,depends
224,findings,may
225,MRD,was
226,microenvironment,provides
227,document,may
228,Stewardship,outlines
229,apoptosis,result
230,intensity,elicited
231,shielding,protects
232,parents,has
233,organs,â€œ
234,time,may
235,dye,responds
236,fluid,is
237,goals,were
238,desmopressin,is
239,improvement,were
240,events,was
241,pressure,","
242,complications,we
243,kinematics,were
244,formulation,innovatively
245,tool,also
246,response,caused
247,research,showed
248,antibiogram,included
249,pressure,corresponds
250,clones,target
251,studies,used
252,study,could
253,Interventions,encourage
254,method,combines
255,cGVHD,merit
256,theorem,forms
257,arthrodesis,necessitated
258,status,prompted
259,products,covers
260,papers,are
261,bacteria,build
262,drain,provides
263,factors,integrate
264,catecholamines,are
265,complication,has
266,pad,may
267,mixture,defines
268,etiologies,require
269,model,includes
270,cough,may
271,changes,culminate
272,treatment,failed
273,regimens,were
274,period,showed
275,path,penetrate
276,facts,may
277,proteins,act
278,immunoreaction,is
279,groups,are
280,studies,also
281,cells,was
282,MTX,we
283,process,has
284,unit,showed
285,kinases,uses
286,models,typically
287,ratio,was
288,morphology,plays
289,extension,did
290,DHPs,are
291,potentials,can
292,aggression,is
293,approximation,is
294,antigens,engage
295,protocol,existed
296,trial,randomized
297,calibration,lead
298,tissue,allows
299,AKI,ultimately
300,variation,may
301,ability,can
302,body,regulate
303,features,may
304,tool,considered
305,compound,decomposes
306,stages,are
307,lesion,was
308,data,did
309,tissue,compartmentalizes
310,tasks,fit
311,imbalances,can
312,prosthesis,can
313,studies,aim
314,poisoning,was
315,structure,lies
316,symptoms,lasts
317,domain,encourages
318,studies,simultaneously
319,efficacy,could
320,factor,could
321,scales,are
322,stimulus,is
323,parameters,can
324,those,do
325,concerns,are
326,tissue,cannot
327,calcanectomy,could
328,performance,shows
329,PROMs,were
330,enzymes,suffer
331,relationships,allowed
332,questions,don
333,antibodies,crosslink
334,wounds,were
335,factors,are
336,technique,accounts
337,data,demonstrated
338,causes,lead
339,group,were
340,kinetics,allowed
341,factor,might
342,protein,strongly
343,face,appeared
344,resolution,is
345,scans,can
346,recommendations,enables
347,Scale,asked
348,regression,models
349,rules,refer
350,mass,was
351,stimuli,shows
352,others,cause
353,increment,may
354,services,may
355,TS10,has
356,IFSMT,incorporates
357,exons,encode
358,problems,individuals
359,system,compromises
360,results,may
361,fracture,required
362,few,has
363,report,documented
364,events,require
365,data,rely
366,scheduling,would
367,actions,set
368,method,discloses
369,outcome,should
370,benefits,translate
371,groups,did
372,region,occur
373,mesentery,offers
374,reason,has
375,study,found
376,plans,detail
377,flame,leads
378,cGVHD,progressed
379,complaint,is
380,manipulation,decreases
381,testing,may
382,communities,may
383,questions,capture
384,pain,significantly
385,conditions,may
386,high,would
387,sensation,felt
388,fragrances,are
389,rates,have
390,contexts,shape
391,systems,produce
392,reports,demonstrated
393,practice,forms
394,signals,leads
395,ulcers,are
396,fields,may
397,literature,could
398,assessments,failed
399,briefings,occurred
400,alloHSCT,have
401,anistrophy,is
402,problems,are
403,sensitizer,exerts
404,group,died
405,calcification,is
406,function,demonstrates
407,categories,predominantly
408,group,presents
409,process,ultimately
410,components,are
411,threat,leads
412,rate,were
413,subgroups,may
414,meeting,incorporated
415,Appearances,suggest
416,energy,molecules
417,those,suppress
418,classes,were
419,decreases,leads
420,saprophytes,have
421,failure,took
422,cells,share
423,entries,could
424,features,could
425,aneurysm,may
426,compound,has
427,awards,continue
428,components,can
429,platform,was
430,application,is
431,PCSM,we
432,frequencies,were
433,rules,compel
434,%,corresponds
435,areas,results
436,variable,can
437,finding,is
438,proteins,enable
439,study,evaluated
440,respondents,may
441,population,benefited
442,cascade,is
443,changes,have
444,bar,could
445,break,focused
446,ankle,included
447,DR,have
448,hospitalization,very
449,process,adheres
450,challenges,make
451,and,do
452,items,refer
453,questionnaires,can
454,years,required
455,systems,are
456,records,lacked
457,spirit,originally
458,arterioles,is
459,water,led
460,materials,can
461,singers,will
462,male,was
463,",",tweet
464,fascia,is
465,syndromes,often
466,interventions,often
467,observation,might
468,cuts,ensure
469,document,includes
470,mechanism,aims
471,process,involves
472,scores,conflicted
473,information,cumulatively
474,studies,define
475,burden,our
476,program,can
477,mixtures,shows
478,manner,may
479,source,is
480,habits,have
481,leadership,understands
482,out,appear
483,efforts,are
484,model,only
485,condition,may
486,fractures,were
487,methods,are
488,porphyria,was
489,fibers,transmit
490,diagnosis,will
491,agents,may
492,activities,caused
493,fractures,would
494,resources,appear
495,corticosteroids,have
496,buffers,rather
497,facilities,are
498,studies,do
499,complexity,maybe
500,group,is
501,events,arguably
502,negatives,are
503,type,have
504,algorithm,sequentially
505,parameters,are
506,disorders,had
507,factors,have
508,dialogue,offers
509,models,are
510,endoscopes,underwent
511,patients,showed
512,hypoxia,is
513,hemorrhage,ultimately
514,approach,directly
515,papers,might
516,pathology,decreases
517,wound,is
518,study,aimed
519,monitor,directly
520,data,established
521,fusions,occur
522,literature,is
523,points,are
524,fibula,corresponded
525,surface,enables
526,depth,was
527,synchronization,analyses
528,countries,have
529,supply,can
530,modalities,are
531,future,is
532,cells,influenced
533,drugs,affect
534,technique,should
535,cohort,recruited
536,lesions,are
537,distance,have
538,decreases,adversely
539,phenotype,persisted
540,models,test
541,term,refers
542,reliabilities,informed
543,pathogens,facilitate
544,network,is
545,widening,can
546,injury,likely
547,headphones,provided
548,exist,have
549,scheme,is
550,study,excluded
551,improvement,was
552,salinity,would
553,simulation,provides
554,inhibitor,destabilizes
555,distance,will
556,fiber,generally
557,sequences,are
558,V,yields
559,factors,can
560,effect,might
561,drugs,may
562,measures,are
563,sites,are
564,intervention,included
565,framework,EPA
566,improvements,will
567,information,may
568,change,represents
569,characteristics,were
570,oscillations,occur
571,colonization,were
572,organs,can
573,personality,","
574,ppm,can
575,methodology,could
576,group,has
577,malignancy,can
578,events,turned
579,report,used
580,factors,had
581,positions,may
582,facility,has
583,rotations,they
584,complications,decrease
585,reactions,contribute
586,method,can
587,algorithm,is
588,neutropenia,might
589,pathways,could
590,instrument,demonstrated
591,mantra,in
592,reports,examined
593,computer,houses
594,approach,results
595,protocol,was
596,ratings,showed
597,management,is
598,mechanism,contributes
599,occurred,was
600,technique,includes
601,CNI,have
602,attachments,contribute
603,criteria,could
604,cavity,they
605,disease,would
606,flexibility,were
607,areas,heal
608,studies,focused
609,tasks,require
610,design,is
611,flame,can
612,values,are
613,swelling,was
614,practices,go
615,systems,may
616,pathologies,are
617,graphene,themselves
618,lung,can
619,facility,was
620,Pediatrics,recommend
621,response,captures
622,item,had
623,application,we
624,risks,include
625,procedures,occurred
626,studies,reported
627,studies,have
628,tools,provide
629,island,acted
630,stimuli,do
631,bite,did
632,team,included
633,truss,allows
634,patients,translated
635,process,demotivates
636,found,explained
637,performed,also
638,products,consume
639,findings,should
640,differentiation,ultimately
641,treatment,addresses
642,events,can
643,RIO,records
644,ignition,grow
645,BCT,has
646,variables,cannot
647,observers,included
648,clip,started
649,reformats,would
650,solutions,involved
651,F12,explicitly
652,haem,is
653,antibiotics,differs
654,complications,went
655,bacteria,were
656,exercises,most
657,tract,results
658,exercises,are
659,diagnosis,can
660,bicarbonate,replaces
661,procedure,can
662,030,TG119
663,cells,have
664,amnion,can
665,anticoagulant,we
666,tissues,are
667,pathologies,affect
668,instability,is
669,studies,demonstrated
670,clusters,were
671,factors,were
672,case,reaches
673,definition,are
674,model,simulates
675,procedure,requires
676,fixators,were
677,and,guided
678,exist,has
679,issues,emerged
680,intervention,contributed
681,vowel,is
682,and,enables
683,control,were
684,concentration,has
685,samples,were
686,overuse,leads
687,ammonia,is
688,wound,included
689,those,are
690,bacteria,produces
691,issue,demands
692,CSF,was
693,cubane,is
694,disease,is
695,suggest,specific
696,heat,is
697,reactor,desorbed
698,comorbidities,had
699,factors,impact
700,variations,may
701,aggregates,are
702,extraction,makes
703,tests,continued
704,sensors,can
705,RTs,were
706,studies,are
707,folds,showed
708,characteristics,contribute
709,outcome,was
710,item,measures
711,study,might
712,T,stabilizes
713,value,resulted
714,sites,together
715,interaction,may
716,services,were
717,arch,moves
718,glycolysis,happens
719,activities,may
720,spectra,changes
721,policies,appeared
722,technology,could
723,dose,can
724,pairs,exhibited
725,point,has
726,technique,induces
727,changes,can
728,task,satisfies
729,studies,assessed
730,fitting,improves
731,living,is
732,one,is
733,pain,had
734,outcomes,may
735,anesthetic,had
736,neurons,address
737,areas,have
738,process,adjusts
739,studies,showed
740,chip,contains
741,taxonomy,will
742,subspecialties,include
743,bacterium,colonizes
744,arteries,can
745,planning,has
746,activities,focus
747,direction,was
748,pressures,result
749,CO,is
750,enzymes,allow
751,tool,measures
752,position,extends
753,analyses,showed
754,bacteria,colonize
755,those,changed
756,sesamoids,do
757,role,were
758,crisis,","
759,peptides,should
760,assembly,can
761,clearance,poses
762,measure,records
763,arm,was
764,processing,emphasize
765,tissues,he
766,study,reduces
767,lumen,is
768,temperature,results
769,specialties,balance
770,traits,would
771,trend,has
772,enzymes,require
773,events,encompass
774,scale,evaluates
775,stewardships,incorporate
776,approach,has
777,bundles,focus
778,agonist,has
779,program,may
780,RCT,investigated
781,solute,induces
782,method,defined
783,group,present
784,chemotherapy,can
785,license,includes
786,works,has
787,anomalies,hampered
788,strictures,developed
789,injury,was
790,athletes,we
791,complication,is
792,effect,leads
793,infections,were
794,faces,are
795,energy,may
796,factor,influences
797,provided,included
798,condition,can
799,biopsies,can
800,point,remains
801,organisms,were
802,score,had
803,factors,moderate
804,ray,locates
805,stent,incorporates
806,outcome,demonstrates
807,suggestions,would
808,ignition,transforms
809,condition,has
810,Studies,recorded
811,expression,asks
812,concentration,are
813,device,dorsiflexes
814,storage,may
815,sensations,did
816,framework,allows
817,trochlea,reflects
818,keywords,represent
819,started,never
820,positives,are
821,procedures,demand
822,method,provides
823,infections,occurred
824,enzymes,cause
825,interest,could
826,vignettes,follow
827,cases,were
828,distances,limit
829,trial,sought
830,impediments,made
831,toxicities,require
832,plate,was
833,resistance,are
834,pneumonia,suggests
835,enzyme,degrades
836,test,determines
837,information,might
838,literature,associates
839,for,is
840,aetiologies,should
841,surfaces,are
842,variant,has
843,factors,lead
844,ruxolitinib,resulted
845,LVH,may
846,studies,had
847,positions,directly
848,process,may
849,metal,can
850,adenomyosis,does
851,decontamination,reduces
852,function,is
853,value,can
854,GVHD,was
855,methods,were
856,software,tracks
857,pressure,was
858,bias,can
859,areas,required
860,line,represents
861,model,can
862,work,demonstrated
863,artery,can
864,hysteresis,is
865,cells,mitigate
866,emerged,are
867,hospitals,evaluated
868,factors,would
869,procedure,likely
870,compounds,can
871,reporting,took
872,indications,necessitated
873,models,demonstrated
874,instruments,included
875,implemented,allowed
876,alleles,are
877,cells,seek
878,processes,occur
879,systems,could
880,response,encourages
881,differences,could
882,MRCA,led
883,endeavor,may
884,karyotyping,was
885,accelerators,enriched
886,wall,leaves
887,instability,has
888,salt,facilitated
889,lesions,demonstrated
890,factors,could
891,module,allowed
892,jaws,can
893,bones,form
894,Questionnaire,uses
895,IBCN,brought
896,membrane,overlapped
897,conditions,can
898,nosocomial,led
899,complexes,interact
900,approach,convolves
901,coefficients,are
902,SBTMO,indicate
903,variables,could
904,parameters,HP
905,stability,depends
906,stress,accompanies
907,one,restricts
908,increases,decreases
909,devices,have
910,practice,was
911,adjunct,modulates
912,situation,may
913,exposures,were
914,method,we
915,study,also
916,equivocality,has
917,antibody,activates
918,term,includes
919,model,used
920,trial,used
921,systems,require
922,methodology,can
923,PCI,was
924,HCT,included
925,modalities,could
926,services,are
927,mechanisms,underlie
928,solution,can
929,modality,can
930,dimension,remains
931,type,occupied
932,CCCs,had
933,azoospermia,further
934,agents,blunt
935,persons,should
936,University,sponsored
937,USA100,is
938,events,are
939,ligands,might
940,domains,are
941,dispensers,staff
942,deformities,happen
943,levels,may
944,devices,are
945,definition,defined
946,evidence,they
947,system,gave
948,suspicion,drives
949,drugs,were
950,phenomenon,has
951,effects,may
952,2010,was
953,publications,demonstrated
954,hepatocytes,derive
955,protein,change
956,groups,the
957,frontiers,should
958,population,made
959,process,requires
960,events,may
961,tissue,envelops
962,complications,reduce
963,parameters,trended
964,+,corresponded
965,pills,were
966,molecule,behaves
967,drying,may
968,approach,includes
969,factors,has
970,arena,serves
971,events,could
972,exist,include
973,muscle,is
974,study,showed
975,solution,is
976,complexes,can
977,Acinetobacter,highlighted
978,SOP,was
979,CCI,has
980,membranes,have
981,abnormality,can
