,insert,delete
0,e-mail,email
1,well-being,wellbeing
2,inter-rater,interrater
3,pre-existing,preexisting
4,intra-abdominal,intraabdominal
5,post-treatment,posttreatment
6,post-test,posttest
7,post-traumatic,posttraumatic
8,re-engagement,reengagement
9,e-mails,emails
10,intra-arterial,intraarterial
11,para-aortic,paraaortic
12,pre-emptive,preemptive
13,Inter-rater,Interrater
14,re-evaluated,reevaluated
15,e-mailed,emailed
16,post-transplant,posttransplant
17,intra-articular,intraarticular
18,inter-reader,interreader
19,8-mm,8mm
20,3-mm,3mm
21,10-mm,10mm
22,10-cm,10cm
23,anti-inflammatory,antiinflammatory
24,pre-emptively,preemptively
25,extra-articular,extraarticular
26,7-mm,7mm
27,re-evaluation,reevaluation
28,1-cm,1cm
29,re-evaluate,reevaluate
30,1-mm,1mm
31,23-mm,23mm
32,re-examined,reexamined
33,inter-related,interrelated
34,re-examination,reexamination
35,2-mm,2mm
36,non-PCPs,nonPCPs
37,3-cm,3cm
38,Post-treatment,Posttreatment
39,meta-analysis,metaanalysis
40,0-mm,0mm
41,31-mm,31mm
42,34-mm,34mm
43,voxel-wise,voxelwise
44,inter-relationship,interrelationship
45,mid-term,midterm
47,4-mm,4mm
48,9-mm,9mm
49,post-tests,posttests
50,5-cm,5cm
51,Post-traumatic,Posttraumatic
52,re-established,reestablished
53,pre-eminence,preeminence
54,non-normal,nonnormal
55,pre-existence,preexistence
56,Intra-abdominal,Intraabdominal
57,post-transplantation,posttransplantation
58,meta-analyses,metaanalyses
59,2-cm,2cm
60,1-µg,1µg
61,5-µg,5µg
62,3-month,3month
63,inter-relationships,interrelationships
64,post-translational,posttranslational
65,re-establish,reestablish
66,5-Hz,5Hz
67,non-necrotizing,nonnecrotizing
68,6-mm,6mm
69,29-year,29year
70,50-mL,50mL
71,intra-alveolar,intraalveolar
72,supra-aortic,supraaortic
73,20-mm,20mm
74,post-therapeutic,posttherapeutic
75,4-cm,4cm
76,15-mm,15mm
77,peri-infarct,periinfarct
78,100-ng,100ng
79,45-inch,45inch
80,alcohol-related,alcoholrelated
81,100-mg,100mg
82,2088-µV,2088µV
83,2173-µV,2173µV
84,6-g,6g
85,8-cm,8cm
86,0-cm,0cm
87,9-Gy,9Gy
89,Ras-like,Raslike
90,non-normality,nonnormality
91,18-mm,18mm
92,500-mg,500mg
93,10-mg,10mg
94,off-loading,offloading
95,voice-related,voicerelated
96,post-thrombotic,postthrombotic
97,middle-aged,middleaged
98,wake-time,waketime
99,Carotid-femoral,carotidfemoral
100,pull-out,pullout
101,over-reach,overreach
102,intra-assay,intraassay
103,20-m,20m
104,3-µm,3µm
105,10-g,10g
106,Inter-reader,Interreader
107,inter-relate,interrelate
108,non-negative,nonnegative
109,20-Fr,20Fr
110,3-mg,3mg
111,6-mg,6mg
112,off-line,offline
113,65-mm,65mm
114,25-year,25year
115,24-year,24year
116,30-cm,30cm
117,pack-years,packyears
118,Fiber-optic,Fiberoptic
119,before-mentioned,beforementioned
120,30-µm,30µm
121,log-rank,logrank
122,chromosome-negative,chromosomenegative
123,12-MHz,12MHz
124,3-MHz,3MHz
125,mid-1970s,mid1970s
126,meta-regression,metaregression
127,superior-inferior,superiorinferior
128,right-left,rightleft
129,anterior-posterior,anteriorposterior
130,non-normally,nonnormally
131,75-g,75g
132,pro-oxidant,prooxidant
133,non-nephrotic,nonnephrotic
134,pauci-inflammatory,pauciinflammatory
135,re-educate,reeducate
136,re-emerged,reemerged
137,re-examine,reexamine
138,1500-ms,1500ms
139,59-mg,59mg
140,cross-checking,crosschecking
141,non-necrotic,nonnecrotic
142,70-mm,70mm
143,150-mg,150mg
144,300-mg,300mg
145,inter-relation,interrelation
146,4-bp,4bp
147,Non-necrotizing,Nonnecrotizing
148,10-year,10year
149,83-fold,83fold
150,96-fold,96fold
151,18-fold,18fold
152,false-positive,falsepositive
153,non-Hispanic,nonHispanic
154,intra-amniotic,intraamniotic
155,retro-orbital,retroorbital
156,non-Hodgkin,nonHodgkin
157,meta-synthesis,metasynthesis
158,70-µm,70µm
159,15-cm,15cm
160,cross-linking,crosslinking
161,1-Hz,1Hz
162,re-exploration,reexploration
163,extra-adrenal,extraadrenal
164,3-Fr,3Fr
165,4-Fr,4Fr
166,2-Fr,2Fr
167,Intra-arterial,Intraarterial
168,2-µg,2µg
169,intra-atrial,intraatrial
170,19-mm,19mm
171,Pre-emptive,Preemptive
172,500-μg,500μg
173,co-ordination,coordination
174,29-mm,29mm
175,re-entry,reentry
176,1-mL,1mL
177,5-mL,5mL
178,30-day,30day
179,cross-checked,crosschecked
180,intra-abdominally,intraabdominally
181,15-g,15g
182,pre-eminent,preeminent
183,re-entrant,reentrant
184,90-km,90km
185,off-site,offsite
186,25-mm,25mm
187,non-neoplastic,nonneoplastic
188,60-mL,60mL
