Type,Format,,,,,,,,
ACAP,US,,,,,,,,
AENJ,US,,,,,,,,
AEP,US,,,,,,,,
AJC,US,,,,,,,,
AMGP,US,,,,,,,,
ANC,US,,,,,,,,
ANS,US,,,,,,,,
AVSG,US,,,,,,,,
BBBIOC,US,,,,,,,,
BCD,US,,,,,,,,
CAN,US,,,,,,,,
CAPR,US,,,,,,,,
CCNQ,US,,,,,,,,
CCR,US,,,,,,,,
CD,US,,,,,,,,
CEBP,US,,,,,,,,
CIR,US,,,,,,,,
CLBC,US,,,,,,,,
CLCC,US,,,,,,,,
CLGC,US,,,,,,,,
CLLC,US,,,,,,,,
CLML,US,,,,,,,,
CON,US,,,,,,,,
CVP,US,,,,,,,,
DAE,US,,,,,,,,
DMB,US,,,,,,,,
ECSN,US,,,,,,,,
EMR,US,,,,,,,,
ESXM,US,,,,,,,, 
FCH,US,,,,,,,,
GN,US,,,,,,,,
HANTHE,US,,,,,,,,
HNP ,US,,,,,,,,
ISAFPA,US,,,,,,,,
ISAGSQ,US,,,,,,,,
ISAIPS,US,,,,,,,,
ISAISP,US,,,,,,,,
ISAISQ,US,,,,,,,,
ISAISR,US,,,,,,,,
ISAJOG,US,,,,,,,,
IYC,US,,,,,,,,
JACM,US,,,,,,,,
JAH,US,,,,,,,,
JANH,US,,,,,,,,
JAPR,US,,,,,,,,
JCE,US,,,,,,,,
JCJP,US,,,,,,,,
JCRP,US,,,,,,,,
JCSC,US,,,,,,,,
JEPM,US,,,,,,,,
JESTIE,US,,,,,,,,
JGPT_JPT,US,,,,,,,,
JHTR,US,,,,,,,,
JMMCT,US,,,,,,,,
JNB,US,,,,,,,,
JNCQ,US,,,,,,,,
JNPT,US,,,,,,,,
JOCD,US,,,,,,,,
JOE,US,,,,,,,,
JPHMP,US,,,,,,,,
JPHOTOV,US,,,,,,,,
JPNN,US,,,,,,,,
JPS,US,,,,,,,,
JRD,US,,,,,,,,
JSHS,US,,,,,,,,
JSTARS,US,,,,,,,,
JSURG,US,,,,,,,,
JSXM,US,,,,,,,,
JSYST,US,,,,,,,,
JTN,US,,,,,,,,
JVEB,US,,,,,,,,
JWHPT,US,,,,,,,,
JWOCN,US,,,,,,,,
LAWP,US,,,,,,,,
LMAG,US,,,,,,,,
LSENS,US,,,,,,,,
MCR,US,,,,,,,,
MCT,US,,,,,,,,
MDO,US,,,,,,,,
NAQ,US,,,,,,,,
NBA,US,,,,,,,,
NEO,US,,,,,,,,
NEUOPN,US,,,,,,,,
NEUROS,US,,,,,,,,
NTR,US,,,,,,,,
ON,US,,,,,,,,
ONSURG,US,,,,,,,,
PCM,US,,,,,,,,
PEP_PPT,US,,,,,,,,
PSJ,US,,,,,,,,
PSN,US,,,,,,,,
PSYM,US,,,,,,,,
QMHC,US,,,,,,,,
QOPENJ,US,,,,,,,,
RADCR,US,,,,,,,,
REO,US,,,,,,,,
SLEH,US,,,,,,,,
SOP,US,,,,,,,,
SPINEE,US,,,,,,,,
SXMR,US,,,,,,,,
TAC,US,,,,,,,,
TAES,US,,,,,,,,
TASC,US,,,,,,,,
TASE,US,,,,,,,,
TCAM,US,,,,,,,,
TCNS,US,,,,,,,,
TEC,US,,,,,,,,
TEM,US,,,,,,,,
TEMC,US,,,,,,,,
TFUZZ,US,,,,,,,,
TG,US,,,,,,,,
TGR,US,,,,,,,,
THMS,US,,,,,,,,
TIA,US,,,,,,,,
TICN,US,,,,,,,,
TIE,US,,,,,,,,
TIGE,US,,,,,,,,
TII,US,,,,,,,,
TLD,US,,,,,,,,
TLT,US,,,,,,,,
TMECH,US,,,,,,,,
TPC,US,,,,,,,,
TPEL,US,,,,,,,,
TQE,US,,,,,,,,
TR,US,,,,,,,,
TRO,US,,,,,,,,
TRSL,US,,,,,,,,
TTHZ,US,,,,,,,,
URL,US,,,,,,,,
URO,US,,,,,,,,
XACRA,US,,,,,,,,
YCPEM,US,,,,,,,,
YJEVS,US,,,,,,,,
YJFAS,US,,,,,,,,
YJOMS,US,,,,,,,,
YJPAI,US,,,,,,,,
YJPAN,US,,,,,,,,
YJSCD,US,,,,,,,,
YJSRE,US,,,,,,,,
YMCD,US,,,,,,,,
YMCN,US,,,,,,,,
YMDR,US,,,,,,,,
YMED,US,,,,,,,,
YMHJ,US,,,,,,,,
YMIC,US,,,,,,,,
YMNO,US,,,,,,,,
YMSG,US,,,,,,,,
YMVJ,US,,,,,,,,
YOTCT,US,,,,,,,,
YOTOR,US,,,,,,,,
YOTOT,US,,,,,,,,
YOTSM,US,,,,,,,,
YPCSU,US,,,,,,,,
YSART,US,,,,,,,,
YSHEM,US,,,,,,,,
YSNUC,US,,,,,,,,
YSONC,US,,,,,,,,
YSPEN,US,,,,,,,,
YSRAO,US,,,,,,,,
YSROE,US,,,,,,,,
YSTCS,US,,,,,,,,
YSULT,US,,,,,,,,
YTGIE,US,,,,,,,,
YTMRV,US,,,,,,,,
YTVIR,US,,,,,,,,
