,words
1,post–Christian
2,post–Darwinian
3,post–Einsteinian
4,post–Freudian
5,post–Reformation
6,post-tax
7,post-teen
8,post-traumatic
9,post-treatment
10,post-trial
11,post–Victorian
12,pre–Christmas
13,pre-election
14,pre-electric
15,pre-electronic
16,pre-embargo
17,pre-employment
18,pre-enrollment
19,pre-erect
20,pre-establish
21,pre-ethical
22,pre-experiment
23,non–African
24,non–American
25,non–Catholic
26,non–Celtic
27,non–Christian
28,non–European
29,non–Hispanic
30,non–Indian 
31,non–Indo–European
32,non–Japanese
33,non–Jew
34,non–Jewish
35,non–Marxist
36,non–Muslim
37,non-narrative
38,non-national
39,non-native 
40,non-natural 
41,non-necessity 
42,non-negligent 
43,non-negotiable 
44,non-network 
45,non-neural
46,non-news
47,non-nitrogenous
48,non-normative 
49,non-novel 
50,non-nucleated 
51,non-numerical
52,non-nutritious
53,non-nutritive
54,non–Russian
55,non–self–governing 
56,anti–AIDS
57,anti–Arab
58,anti–Asian
59,anti–Bolshevik
60,anti–British
61,anti–Catholic
62,anti–Catholicism
63,anti–Christian
64,anti–Christianity
65,anti–Darwinian
66,anti–Darwinism
67,anti–English
68,anti–French
69,anti–German 
70,anti–HIV
71,anti–icing 
72,anti–ideological 
73,anti–immigrant 
74,anti–immigration 
75,anti–imperialism 
76,anti–imperialist 
77,anti–incumbent 
78,anti–infective 
79,anti–inflammation 
80,anti–inflation 
81,anti–inflationary 
82,anti–institutional 
83,anti–integration 
84,anti–intrusion 
85,anti–Irish 
86,anti–Italian 
87,anti–Japanese 
88,anti–Jewish 
89,anti–Judaism
90,anti–Nazi 
91,anti–Negro
92,anti–Russian
93,anti–Soviet
94,anti–Sovietism 
95,anti–West
96,anti–Western
97,anti–Zionism
98,anti–Zionist
99,re–Christianize 
100,re-eligibility 
101,re-eligible 
102,re-emerge 
103,re-emergence 
104,re-emission 
105,re-emit 
106,re-emphasis
107,re-emphasize
108,re-employ 
109,re-employment
110,re-encounter 
111,re-endow 
112,re-energize 
113,re-engage 
114,re-engagement 
115,re-engrave 
116,re-enlist 
117,re-enlistment 
118,re-enroll 
119,re-enthrone 
120,re-envision 
121,re-equip 
122,re-equipment 
123,re-erect 
124,re-escalate 
125,re-escalation 
126,re-establish 
127,re-establishment
128,re-estimate 
129,re-evaluate 
130,re-evaluation 
131,re-examination 
132,re-examine 
133,re-experience 
134,re-explore 
135,re-export 
136,re-exportation 
137,re-expose 
138,re-exposure 
139,re-express
140,under-rate
141,un-English
142,anti-inflammatory
143,anti-Hitlerian
144,co-op
145,co-opt
146,extra-administrative
147,non-negotiable
148,neo-Nazi
149,multi-institutional
150,meta-analysis
151,mega-annoyance
152,intra-arterial
153,post-Vietnam
154,pro-life
155,pro-Canadian
156,pseudo-Tudor
157,semi-invalid
158,trans-American
159,supra-American
160,un-unionized
161,semi-invalid
